{"meta": {"version": "6.4.4", "timestamp": "2022-09-26T15:11:15.709034", "branch_coverage": true, "show_contexts": false}, "files": {"requests\\__init__.py": {"executed_lines": [6, 41, 43, 45, 47, 48, 52, 53, 54, 55, 58, 59, 60, 63, 67, 68, 70, 71, 72, 75, 80, 81, 82, 84, 89, 104, 105, 120, 121, 122, 126, 139, 141, 144, 145, 147, 148, 160, 161, 173, 174, 175, 177, 180], "summary": {"covered_lines": 44, "num_statements": 68, "percent_covered": 61.53846153846154, "percent_covered_display": "62", "missing_lines": 24, "excluded_lines": 0, "num_branches": 10, "num_partial_branches": 4, "covered_branches": 4, "missing_branches": 6}, "missing_lines": [49, 50, 64, 76, 77, 79, 86, 91, 92, 93, 94, 96, 97, 100, 108, 109, 123, 124, 127, 129, 132, 134, 135, 136], "excluded_lines": []}, "requests\\__version__.py": {"executed_lines": [5, 6, 7, 8, 9, 10, 11, 12, 13, 14], "summary": {"covered_lines": 10, "num_statements": 10, "percent_covered": 100.0, "percent_covered_display": "100", "missing_lines": 0, "excluded_lines": 0, "num_branches": 0, "num_partial_branches": 0, "covered_branches": 0, "missing_branches": 0}, "missing_lines": [], "excluded_lines": []}, "requests\\_internal_utils.py": {"executed_lines": [1, 8, 10, 12, 13, 14, 15, 17, 23, 36], "summary": {"covered_lines": 9, "num_statements": 19, "percent_covered": 42.857142857142854, "percent_covered_display": "43", "missing_lines": 10, "excluded_lines": 0, "num_branches": 2, "num_partial_branches": 0, "covered_branches": 0, "missing_branches": 2}, "missing_lines": [28, 29, 31, 33, 43, 44, 45, 46, 47, 48], "excluded_lines": []}, "requests\\adapters.py": {"executed_lines": [1, 9, 10, 12, 13, 14, 15, 21, 22, 23, 24, 25, 26, 27, 28, 30, 31, 32, 33, 45, 46, 47, 57, 58, 65, 66, 67, 68, 71, 72, 74, 77, 96, 101, 102, 128, 136, 158, 161, 174, 201, 239, 296, 333, 362, 372, 401, 415, 436], "summary": {"covered_lines": 46, "num_statements": 216, "percent_covered": 16.778523489932887, "percent_covered_display": "17", "missing_lines": 170, "excluded_lines": 0, "num_branches": 82, "num_partial_branches": 0, "covered_branches": 4, "missing_branches": 78}, "missing_lines": [59, 61, 62, 75, 94, 98, 143, 144, 146, 147, 148, 150, 152, 153, 154, 156, 159, 164, 165, 167, 168, 170, 189, 190, 191, 193, 213, 214, 215, 216, 217, 227, 228, 237, 251, 253, 256, 257, 259, 260, 262, 263, 268, 270, 271, 273, 275, 276, 277, 279, 280, 281, 282, 284, 285, 286, 287, 291, 292, 306, 309, 312, 315, 316, 317, 319, 320, 322, 325, 328, 329, 331, 342, 344, 345, 346, 347, 348, 352, 353, 356, 357, 358, 360, 368, 369, 370, 386, 387, 389, 390, 391, 392, 393, 395, 396, 397, 399, 413, 428, 429, 431, 432, 434, 455, 456, 457, 458, 460, 461, 462, 471, 473, 474, 475, 476, 477, 478, 482, 483, 485, 487, 488, 489, 504, 505, 507, 509, 510, 511, 518, 519, 521, 523, 524, 525, 526, 527, 528, 531, 533, 540, 543, 544, 546, 547, 549, 550, 552, 553, 555, 556, 558, 559, 561, 563, 565, 567, 568, 570, 571, 573, 574, 576, 577, 578, 579, 580, 582, 584], "excluded_lines": []}, "requests\\api.py": {"executed_lines": [1, 11, 14, 62, 76, 88, 103, 118, 133, 148], "summary": {"covered_lines": 9, "num_statements": 19, "percent_covered": 47.36842105263158, "percent_covered_display": "47", "missing_lines": 10, "excluded_lines": 0, "num_branches": 0, "num_partial_branches": 0, "covered_branches": 0, "missing_branches": 0}, "missing_lines": [58, 59, 73, 85, 99, 100, 115, 130, 145, 157], "excluded_lines": []}, "requests\\auth.py": {"executed_lines": [1, 8, 9, 10, 11, 12, 13, 14, 16, 17, 18, 19, 21, 22, 25, 69, 70, 72, 76, 77, 79, 83, 91, 94, 99, 100, 102, 107, 108, 110, 116, 126, 236, 241, 286, 306, 314], "summary": {"covered_lines": 32, "num_statements": 173, "percent_covered": 16.597510373443985, "percent_covered_display": "17", "missing_lines": 141, "excluded_lines": 0, "num_branches": 68, "num_partial_branches": 0, "covered_branches": 8, "missing_branches": 60}, "missing_lines": [35, 36, 43, 45, 46, 53, 56, 57, 59, 60, 62, 66, 73, 80, 81, 84, 92, 95, 96, 103, 104, 111, 112, 114, 118, 119, 120, 121, 122, 123, 124, 131, 132, 133, 134, 135, 136, 138, 139, 141, 143, 145, 146, 147, 148, 150, 151, 153, 154, 155, 156, 158, 159, 161, 162, 163, 164, 166, 167, 169, 170, 171, 172, 174, 176, 178, 179, 182, 183, 185, 186, 187, 189, 190, 192, 193, 195, 196, 198, 199, 200, 201, 202, 203, 205, 206, 207, 209, 210, 211, 212, 213, 216, 218, 221, 225, 226, 227, 228, 229, 230, 231, 232, 234, 238, 239, 250, 251, 252, 254, 257, 258, 260, 262, 263, 264, 268, 269, 270, 271, 272, 274, 277, 278, 279, 281, 283, 284, 288, 290, 291, 292, 293, 294, 299, 300, 301, 302, 304, 307, 315], "excluded_lines": []}, "requests\\certs.py": {"executed_lines": [3, 14, 16], "summary": {"covered_lines": 3, "num_statements": 4, "percent_covered": 66.66666666666667, "percent_covered_display": "67", "missing_lines": 1, "excluded_lines": 0, "num_branches": 2, "num_partial_branches": 1, "covered_branches": 1, "missing_branches": 1}, "missing_lines": [17], "excluded_lines": []}, "requests\\compat.py": {"executed_lines": [1, 10, 11, 12, 13, 15, 22, 25, 28, 31, 32, 33, 36, 37, 39, 42, 45, 46, 47, 48, 49, 54, 66, 74, 75, 76, 77, 78, 79], "summary": {"covered_lines": 28, "num_statements": 30, "percent_covered": 90.625, "percent_covered_display": "91", "missing_lines": 2, "excluded_lines": 0, "num_branches": 2, "num_partial_branches": 1, "covered_branches": 1, "missing_branches": 1}, "missing_lines": [35, 40], "excluded_lines": []}, "requests\\cookies.py": {"executed_lines": [1, 10, 11, 12, 14, 15, 17, 18, 23, 24, 35, 40, 43, 46, 49, 69, 72, 75, 78, 84, 87, 90, 91, 94, 95, 98, 99, 103, 104, 110, 117, 120, 124, 140, 151, 170, 171, 176, 177, 194, 206, 225, 234, 242, 251, 259, 268, 277, 285, 293, 306, 321, 327, 336, 343, 349, 358, 366, 386, 415, 422, 428, 435, 440, 455, 492, 521, 542], "summary": {"covered_lines": 63, "num_statements": 239, "percent_covered": 20.579710144927535, "percent_covered_display": "21", "missing_lines": 176, "excluded_lines": 0, "num_branches": 106, "num_partial_branches": 0, "covered_branches": 8, "missing_branches": 98}, "missing_lines": [19, 20, 36, 37, 38, 41, 44, 47, 52, 53, 55, 56, 58, 70, 73, 76, 80, 85, 88, 92, 96, 100, 115, 118, 121, 131, 132, 134, 136, 137, 146, 147, 148, 156, 157, 158, 159, 160, 161, 162, 163, 164, 166, 167, 201, 202, 203, 204, 212, 213, 216, 218, 219, 221, 222, 223, 231, 232, 240, 248, 249, 257, 265, 266, 275, 279, 280, 281, 282, 283, 287, 288, 289, 290, 291, 299, 300, 301, 302, 303, 304, 313, 314, 315, 318, 319, 322, 323, 324, 325, 334, 341, 347, 350, 355, 356, 360, 361, 362, 364, 378, 379, 380, 381, 382, 384, 398, 399, 400, 401, 402, 403, 405, 409, 411, 412, 413, 417, 419, 420, 424, 425, 426, 430, 431, 432, 433, 437, 441, 442, 444, 446, 448, 449, 450, 451, 452, 461, 477, 478, 479, 483, 484, 485, 486, 487, 489, 495, 496, 497, 498, 499, 500, 501, 502, 503, 504, 530, 531, 533, 534, 535, 536, 537, 539, 549, 550, 552, 553, 554, 555, 556, 557, 558, 559, 561], "excluded_lines": []}, "requests\\exceptions.py": {"executed_lines": [1, 7, 9, 12, 13, 17, 27, 28, 31, 32, 34, 45, 46, 49, 50, 53, 54, 57, 58, 61, 62, 70, 71, 77, 78, 81, 82, 85, 86, 89, 90, 93, 94, 97, 98, 101, 102, 105, 106, 109, 110, 113, 114, 117, 118, 121, 122, 125, 126, 132, 133, 136, 137, 140, 141], "summary": {"covered_lines": 29, "num_statements": 37, "percent_covered": 88.76404494382022, "percent_covered_display": "89", "missing_lines": 8, "excluded_lines": 0, "num_branches": 52, "num_partial_branches": 0, "covered_branches": 50, "missing_branches": 2}, "missing_lines": [19, 20, 21, 22, 23, 24, 41, 42], "excluded_lines": []}, "requests\\help.py": {"executed_lines": [1, 3, 4, 5, 6, 8, 9, 11, 13, 14, 18, 19, 20, 21, 23, 24, 25, 26, 27, 28, 34, 69, 128, 133], "summary": {"covered_lines": 23, "num_statements": 62, "percent_covered": 30.0, "percent_covered_display": "30", "missing_lines": 39, "excluded_lines": 0, "num_branches": 18, "num_partial_branches": 1, "covered_branches": 1, "missing_branches": 17},